,Name,Disaster,Begin Date,End Date,Total CPI-Adjusted Cost (Millions of Dollars),Deaths,year_only,number_of_days
0,Southern Severe Storms and Flooding (April 1980),Flooding,1980-04-10,1980-04-17,2678.6,7,1980,7
1,Hurricane Allen (August 1980),Tropical Cyclone,1980-08-07,1980-08-11,2177.2,13,1980,4
2,Central/Eastern Drought/Heat Wave (Summer-Fall 1980),Drought,1980-06-01,1980-11-30,39579.0,1260,1980,182
3,Florida Freeze (January 1981),Freeze,1981-01-12,1981-01-14,2019.2,0,1981,2
4,"Severe Storms, Flash Floods, Hail, Tornadoes (May 1981)",Severe Storm,1981-05-05,1981-05-10,1372.9,20,1981,5
5,"Midwest/Southeast/Northeast Winter Storm, Cold Wave (January 1982)",Winter Storm,1982-01-08,1982-01-16,2158.1,85,1982,8
6,Midwest/Plains/Southeast Tornadoes (April 1982),Severe Storm,1982-04-02,1982-04-04,1565.6,33,1982,2
7,Severe Storms (June 1982),Severe Storm,1982-05-31,1982-06-10,1540.5,30,1982,10
8,Gulf States Storms and Flooding (December 1982-January 1983),Flooding,1982-12-01,1983-01-15,4807.9,45,1982,45
9,Western Storms and Flooding (December 1982-March 1983),Flooding,1982-12-13,1983-03-31,4693.8,50,1982,108
10,Hurricane Alicia (August 1983),Tropical Cyclone,1983-08-17,1983-08-20,9180.0,21,1983,3
11,Southeast Drought (Summer 1983),Drought,1983-06-01,1983-08-31,9307.3,0,1983,91
12,Arizona Flooding (October 1983),Flooding,1983-09-29,1983-10-03,1220.0,14,1983,4
13,Freeze / Cold Wave (December 1983),Freeze,1983-12-15,1983-12-25,6298.3,151,1983,10
14,"Tornadoes, Severe Storms, Floods (Spring 1984)",Severe Storm,1984-03-27,1984-04-07,1803.7,80,1984,11
15,Severe Storms and Hail (June 1984),Severe Storm,1984-06-13,1984-06-17,1320.8,1,1984,4
16,"Winter Storm, Cold Wave (January 1985)",Winter Storm,1985-01-19,1985-01-22,2435.8,150,1985,3
17,Florida Freeze (January 1985),Freeze,1985-01-20,1985-01-22,3492.0,0,1985,2
18,Ohio and Pennsylvania Tornado Outbreak (June 1985),Severe Storm,1985-05-31,1985-05-31,1710.1,89,1985,0
19,Hurricane Elena (September 1985),Tropical Cyclone,1985-08-30,1985-09-03,3684.6,4,1985,4
20,Hurricane Gloria (September 1985),Tropical Cyclone,1985-09-26,1985-09-28,2431.5,11,1985,2
21,Hurricane Juan (October 1985),Tropical Cyclone,1985-10-27,1985-10-31,4220.7,63,1985,4
22,"Virginia, West Virginia, Pennsylvania and Maryland Flooding (November 1985)",Flooding,1985-11-03,1985-11-08,3948.0,62,1985,5
23,Western Severe Storms and Flooding (February 1986),Severe Storm,1986-02-14,1986-02-16,1488.8,13,1986,2
24,Southeast Drought/Heat Wave (Summer 1986),Drought,1986-06-01,1986-08-31,5050.2,100,1986,91
25,Michigan Flooding (September 1986),Flooding,1986-09-10,1986-09-12,1116.0,10,1986,2
26,U.S. Drought/Heat Wave (Summer 1988),Drought,1988-06-01,1988-08-31,53010.4,454,1988,91
27,Southern Derecho and Severe Storms (May 1989),Severe Storm,1989-05-01,1989-05-06,1367.6,21,1989,5
28,Tropical Storm Allison (June 1989),Tropical Cyclone,1989-06-26,1989-06-28,1445.0,11,1989,2
29,Hurricane Hugo (September 1989),Tropical Cyclone,1989-09-21,1989-09-22,22139.8,86,1989,1
30,Northern Plains Drought (Summer-Fall 1989),Drought,1989-06-01,1989-11-30,7628.1,0,1989,182
31,Florida Freeze (December 1989),Freeze,1989-12-23,1989-12-25,5080.0,10,1989,2
32,"Winter Storm, Cold Wave (December 1989)",Winter Storm,1989-12-21,1989-12-26,1652.7,100,1989,5
33,Southern Flooding (May 1990),Flooding,1990-05-11,1990-05-19,2396.3,13,1990,8
34,Colorado Hail Storm (July 1990),Severe Storm,1990-07-11,1990-07-11,1927.1,0,1990,0
35,Western Fire Season (Summer 1990),Wildfire,1990-06-01,1990-08-31,1666.1,17,1990,91
36,California Freeze (December 1990),Freeze,1990-12-18,1990-12-25,8194.0,0,1990,7
37,"Severe Storms, Tornadoes (March 1991)",Severe Storm,1991-03-26,1991-03-29,1464.0,0,1991,3
38,Hurricane Bob (August 1991),Tropical Cyclone,1991-08-18,1991-08-20,3381.6,18,1991,2
39,U.S. Drought (Spring-Summer 1991),Drought,1991-03-01,1991-08-31,6859.4,0,1991,183
40,Oakland Firestorm (October 1991),Wildfire,1991-10-01,1991-10-31,7359.0,25,1991,30
41,Severe Storms (March 1992),Severe Storm,1992-03-24,1992-03-25,1769.5,0,1992,1
42,"Hail, Tornadoes (April 1992)",Severe Storm,1992-04-28,1992-04-29,2099.7,0,1992,1
43,"Severe Storms, Hail (June 1992)",Severe Storm,1992-06-19,1992-06-20,1638.1,0,1992,1
44,Hurricane Andrew (August 1992),Tropical Cyclone,1992-08-23,1992-08-27,58860.0,61,1992,4
45,Hurricane Iniki (September 1992),Tropical Cyclone,1992-09-11,1992-09-12,6727.0,7,1992,1
46,Southeast Severe Weather (November 1992),Severe Storm,1992-11-21,1992-11-23,1418.9,26,1992,2
47,Northeast Winter Storm (December 1992),Winter Storm,1992-12-10,1992-12-13,5363.3,19,1992,3
48,East Coast Blizzard and Severe Weather (March 1993),Winter Storm,1993-03-11,1993-03-14,11883.3,270,1993,3
49,Northern Plains and Ohio Valley Severe Weather (July 1993),Severe Storm,1993-07-08,1993-07-10,1371.7,1,1993,2
50,Midwest Flooding (Summer 1993),Flooding,1993-06-27,1993-08-15,45065.9,48,1993,49
51,Southeast Drought and Heat Wave (Summer 1993),Drought,1993-06-01,1993-08-31,2704.8,16,1993,91
52,California Wildfires (Fall 1993),Wildfire,1993-09-01,1993-11-30,2907.6,4,1993,90
53,"Winter Storm, Cold Wave (January 1994)",Winter Storm,1994-01-17,1994-01-20,2184.5,70,1994,3
54,Southeast Ice Storm (February 1994),Winter Storm,1994-02-08,1994-02-13,6264.7,9,1994,5
55,Midwest/Plains Tornadoes (April 1994),Severe Storm,1994-04-25,1994-04-27,2048.9,3,1994,2
56,Tropical Storm Alberto (July 1994),Tropical Cyclone,1994-07-07,1994-07-10,2066.9,32,1994,3
57,Texas Flooding (October 1994),Flooding,1994-10-16,1994-10-25,2050.0,19,1994,9
58,Western Fire Season (Summer-Fall 1994),Wildfire,1994-06-01,1994-11-30,1500.9,0,1994,182
59,California Flooding (January-March 1995),Flooding,1995-01-01,1995-03-31,5100.0,27,1995,89
60,Texas Hail Storm (April 1995),Severe Storm,1995-04-28,1995-04-28,1161.5,0,1995,0
61,South Plains Severe Weather (May 1995),Severe Storm,1995-05-05,1995-05-07,11082.7,32,1995,2
62,Hurricane Erin (August 1995),Tropical Cyclone,1995-08-01,1995-08-07,1708.5,6,1995,6
63,Hurricane Marilyn (September 1995),Tropical Cyclone,1995-09-15,1995-09-17,4200.0,13,1995,2
64,"Central, Southern and Northeast Drought/Heat Wave (September 1995)",Drought,1995-07-01,1995-09-30,1968.0,872,1995,91
65,Hurricane Opal (October 1995),Tropical Cyclone,1995-10-04,1995-10-06,9378.0,27,1995,2
66,Blizzard/Floods (January 1996),Winter Storm,1996-01-01,1996-01-31,5976.1,187,1996,30
67,Pacific Northwest Severe Flooding (February 1996),Flooding,1996-02-07,1996-02-12,2006.5,9,1996,5
68,Southern Plains Drought (Spring-Summer 1996),Drought,1996-03-01,1996-08-31,3565.0,0,1996,183
69,Hurricane Fran (September 1996),Tropical Cyclone,1996-09-05,1996-09-08,9763.8,37,1996,3
70,New England Flooding (October 1996),Flooding,1996-10-19,1996-10-22,1318.3,1,1996,3
71,West Coast Flooding (December 1996-January 1997),Flooding,1997-01-01,1997-01-11,5822.8,36,1997,10
72,Mississippi and Ohio Valley Severe Weather and Flooding (March 1997),Severe Storm,1997-02-28,1997-03-05,1877.0,67,1997,5
73,Northern Plains Flooding (Spring 1997),Flooding,1997-02-03,1997-05-24,7058.8,11,1997,110
74,Northeast Ice Storm (January 1998),Winter Storm,1998-01-05,1998-01-09,2663.4,16,1998,4
75,Western/Eastern Severe Weather and Flooding (Winter-Spring 1998),Severe Storm,1997-12-01,1998-02-28,1908.5,132,1997,89
76,Minnesota Severe Storms/Hail (May 1998),Severe Storm,1998-05-15,1998-05-15,3083.1,1,1998,0
77,"Northern Plains and Great Lakes Derecho, Tornadoes (June 1998)",Severe Storm,1998-05-30,1998-06-02,2151.7,20,1998,3
78,Central and Eastern Severe Storms and Flooding (June 1998),Severe Storm,1998-06-20,1998-06-24,1680.7,12,1998,4
79,Tropical Storm Frances (September 1998),Tropical Cyclone,1998-08-08,1998-08-13,1316.0,2,1998,5
80,Hurricane Bonnie (August 1998),Tropical Cyclone,1998-08-27,1998-08-29,1842.4,3,1998,2
81,Southern Drought and Heat Wave (Summer 1998),Drought,1998-06-01,1998-08-31,6703.3,200,1998,91
82,Hurricane Georges (September 1998),Tropical Cyclone,1998-09-20,1998-09-29,11250.9,16,1998,9
83,Texas Flooding (October 1998),Flooding,1998-10-16,1998-10-24,1761.7,31,1998,8
84,California Freeze (December 1998),Freeze,1998-12-20,1998-12-28,4750.0,0,1998,8
85,Central and Eastern Winter Storm (January 1999),Winter Storm,1999-01-01,1999-01-04,1930.6,25,1999,3
86,Central and Eastern Winter Storm (Mid-January 1999),Winter Storm,1999-01-13,1999-01-16,1649.4,0,1999,3
87,Oklahoma and Kansas Tornadoes (May 1999),Severe Storm,1999-05-03,1999-05-06,3722.6,55,1999,3
88,Eastern Drought/Heat Wave (Summer 1999),Drought,1999-06-01,1999-08-31,4673.1,502,1999,91
89,Hurricane Floyd (September 1999),Tropical Cyclone,1999-09-14,1999-09-16,11878.5,77,1999,2
90,Southeast Winter Storm (January 2000),Winter Storm,2000-01-21,2000-01-24,1284.9,4,2000,3
91,Southern Severe Weather (March 2000),Severe Storm,2000-03-28,2000-03-29,1235.1,0,2000,1
92,Western Fire Season (Spring-Summer 2000),Wildfire,2000-03-01,2000-08-31,1924.4,0,2000,183
93,South Florida Flooding (October 2000),Flooding,2000-10-03,2000-10-04,1584.0,3,2000,1
94,Western/Central/Southeast Drought/Heat Wave (Spring-Fall 2000),Drought,2000-03-01,2000-11-30,9094.9,140,2000,274
95,Midwest/Ohio Valley Hail and Tornadoes (April 2001),Severe Storm,2001-04-06,2001-04-11,5385.2,3,2001,5
96,North Central Severe Weather (May 2001),Severe Storm,2001-04-30,2001-05-01,1167.6,0,2001,1
97,Tropical Storm Allison (June 2001),Tropical Cyclone,2001-06-05,2001-06-17,14743.1,43,2001,12
98,Severe Storms and Tornadoes (April 2002),Severe Storm,2002-04-27,2002-04-28,3580.3,7,2002,1
99,Hurricane Lili (October 2002),Tropical Cyclone,2002-08-01,2002-08-05,1877.7,2,2002,4
100,Tropical Storm Isidore (September 2002),Tropical Cyclone,2002-09-25,2002-09-27,1955.0,5,2002,2
101,Eastern Tornadoes and Severe Storms (November 2002),Severe Storm,2002-11-09,2002-11-11,1216.9,28,2002,2
102,Western Fire Season (Fall 2002),Wildfire,2002-09-01,2002-11-30,2248.8,21,2002,90
103,U.S. Drought (Spring-Fall 2002),Drought,2002-03-01,2002-11-30,15581.1,0,2002,274
104,Severe Storms/Hail (April 2003),Severe Storm,2003-04-04,2003-04-07,3350.5,3,2003,3
105,Severe Storms/Tornadoes (May 2003),Severe Storm,2003-05-03,2003-05-10,6894.4,51,2003,7
106,Midwest/Plains Severe Weather (July 2003),Severe Storm,2003-07-04,2003-07-09,1433.0,7,2003,5
107,Southern Derecho and Eastern Severe Weather (July 2003),Severe Storm,2003-07-21,2003-07-23,1683.8,7,2003,2
108,Hurricane Isabel (September 2003),Tropical Cyclone,2003-09-18,2003-09-19,9103.5,55,2003,1
109,Western/Central Drought/Heat Wave (Spring-Fall 2003),Drought,2003-03-01,2003-11-30,8480.1,35,2003,274
110,California Wildfires (Fall 2003),Wildfire,2003-09-01,2003-11-30,6458.1,22,2003,90
111,"Severe Storms, Hail, Tornadoes (May 2004)",Severe Storm,2004-05-21,2004-05-27,1642.7,4,2004,6
112,Colorado Hail Storms (June 2004),Severe Storm,2004-06-08,2004-06-09,1125.9,0,2004,1
113,Hurricane Charley (August 2004),Tropical Cyclone,2004-08-13,2004-08-14,25919.2,35,2004,1
114,Hurricane Frances (September 2004),Tropical Cyclone,2004-09-03,2004-09-09,15876.0,48,2004,6
115,Hurricane Ivan (September 2004),Tropical Cyclone,2004-09-12,2004-09-21,33211.0,57,2004,9
116,Hurricane Jeanne (September 2004),Tropical Cyclone,2004-09-15,2004-09-29,12144.6,28,2004,14
117,Southeast Severe Weather (March 2005),Severe Storm,2005-03-24,2005-03-27,1375.4,0,2005,3
118,Hurricane Dennis (July 2005),Tropical Cyclone,2005-07-09,2005-07-11,3917.1,15,2005,2
119,Hurricane Katrina (August 2005),Tropical Cyclone,2005-08-25,2005-08-30,195046.1,1833,2005,5
120,Midwest Drought (Spring-Summer 2005),Drought,2005-03-01,2005-08-31,2374.6,0,2005,183
121,Hurricane Rita (September 2005),Tropical Cyclone,2005-09-20,2005-09-24,28490.1,119,2005,4
122,Hurricane Wilma (October 2005),Tropical Cyclone,2005-10-24,2005-10-24,29260.0,35,2005,0
123,Severe Storms and Tornadoes (March 2006),Severe Storm,2006-03-08,2006-03-13,2059.9,10,2006,5
124,"Midwest/Southeast Tornadoes (April 6-8, 2006)",Severe Storm,2006-04-06,2006-04-08,2437.8,10,2006,2
125,Midwest Tornadoes (April 2006),Severe Storm,2006-04-13,2006-04-16,3683.8,27,2006,3
126,Northeast Flooding (June 2006),Flooding,2006-06-25,2006-06-28,2297.7,20,2006,3
127,North Central Severe Weather and Tornadoes (August 2006),Severe Storm,2006-08-23,2006-08-24,1146.2,1,2006,1
128,Midwest/Plains/Southeast Drought (Spring-Summer 2006),Drought,2006-03-01,2006-08-31,9296.7,0,2006,183
129,Central Severe Weather (October 2006),Severe Storm,2006-10-02,2006-10-05,1336.1,1,2006,3
130,Numerous Wildfires (2006),Wildfire,2006-01-01,2006-12-31,2273.8,28,2006,364
131,California Freeze (January 2007),Freeze,2007-01-11,2007-01-17,2128.0,1,2007,6
132,Spring Freeze (April 2007),Freeze,2007-04-04,2007-04-10,3107.0,0,2007,6
133,East/South Severe Weather and Flooding (April 2007),Severe Storm,2007-04-13,2007-04-17,3736.7,9,2007,4
134,Western Wildfires (Summer 2007),Wildfire,2007-06-01,2007-08-31,4029.7,12,2007,91
135,Western/Eastern Drought/Heat Wave (Summer-Fall 2007),Drought,2007-06-01,2007-11-30,5378.0,15,2007,182
136,"Western, Central and Northeast Severe Weather (January 2008)",Severe Storm,2008-01-04,2008-01-09,1424.2,12,2008,5
137,Southeast Tornadoes and Severe Weather (February 2008),Severe Storm,2008-02-05,2008-02-06,1756.9,57,2008,1
138,Southeast Tornadoes (March 2008),Severe Storm,2008-03-14,2008-03-15,1628.6,5,2008,1
139,Southern Severe Weather (April 2008),Severe Storm,2008-04-09,2008-04-11,1486.7,2,2008,2
140,Midwest Tornadoes and Severe Weather (May 2008),Severe Storm,2008-05-22,2008-05-27,4301.9,13,2008,5
141,Midwest/Mid-Atlantic Severe Weather (June 2008),Severe Storm,2008-06-06,2008-06-12,2290.3,18,2008,6
142,Midwest Flooding (Summer 2008),Flooding,2008-04-01,2008-06-30,14439.8,24,2008,90
143,Hurricane Dolly (July 2008),Tropical Cyclone,2008-07-23,2008-07-25,1774.2,3,2008,2
144,Hurricane Gustav (September 2008),Tropical Cyclone,2008-08-31,2008-09-03,8395.8,53,2008,3
145,Hurricane Ike (September 2008),Tropical Cyclone,2008-09-12,2008-09-14,41998.3,112,2008,2
146,U.S. Wildfires (Fall 2008),Wildfire,2008-09-01,2008-11-30,1727.7,16,2008,90
147,U.S. Drought (2008),Drought,2008-01-01,2008-12-31,10164.6,0,2008,365
148,Southeast/Ohio Valley Severe Weather (February 2009),Severe Storm,2009-02-10,2009-02-11,2523.4,10,2009,1
149,Midwest/Southeast Tornadoes (March 2009),Severe Storm,2009-03-25,2009-03-28,2362.3,0,2009,3
150,South/Southeast Severe Weather and Tornadoes (April 2009),Severe Storm,2009-04-09,2009-04-10,2059.3,6,2009,1
151,Central Derecho and Tornadoes (May 2009),Severe Storm,2009-05-07,2009-05-09,1239.8,7,2009,2
152,"Midwest, South and East Severe Weather (June 2009)",Severe Storm,2009-06-09,2009-06-12,1885.8,0,2009,3
153,Colorado Hail Storm (July 2009),Severe Storm,2009-07-20,2009-07-20,1430.0,0,2009,0
154,Georgia Flooding (September 2009),Flooding,2009-09-19,2009-09-22,1275.9,10,2009,3
155,Western Wildfires (Summer-Fall 2009),Wildfire,2009-06-01,2009-11-30,1436.8,10,2009,182
156,Southwest/Great Plains Drought (2009),Drought,2009-01-01,2009-12-31,5063.4,0,2009,364
157,Northeast Winter Storm (February 2010),Winter Storm,2010-02-09,2010-02-11,1160.2,3,2010,2
158,Northeast Flooding (March 2010),Flooding,2010-03-01,2010-03-31,2618.9,11,2010,30
159,East/South Flooding and Severe Weather (May 2010),Flooding,2010-04-30,2010-05-02,3218.0,32,2010,2
160,"Oklahoma, Kansas, and Texas Tornadoes and Severe Weather (May 2010)",Severe Storm,2010-05-10,2010-05-12,4700.7,3,2010,2
161,Rockies/Central/East Severe Weather (June 2010),Severe Storm,2010-06-10,2010-06-15,1270.5,2,2010,5
162,Midwest/Northeast Severe Storms and Flooding (July 2010),Severe Storm,2010-07-20,2010-07-23,1337.2,0,2010,3
163,Arizona Severe Weather (October 2010),Severe Storm,2010-10-05,2010-10-06,5320.0,0,2010,1
164,Groundhog Day Blizzard (February 2011),Winter Storm,2011-02-01,2011-02-03,2493.9,36,2011,2
165,Midwest/Southeast Tornadoes and Derecho (April 2011),Severe Storm,2011-04-04,2011-04-05,3802.1,9,2011,1
166,Southeast/Midwest Tornadoes (April 2011),Severe Storm,2011-04-08,2011-04-11,2985.6,0,2011,3
167,Midwest/Southeast Tornadoes (April 2011),Severe Storm,2011-04-14,2011-04-16,2821.1,38,2011,2
168,Ohio Valley Derecho and Southern Tornadoes (April 2011),Severe Storm,2011-04-19,2011-04-20,1421.4,0,2011,1
169,Southeast/Ohio Valley/Midwest Tornadoes (April 2011),Severe Storm,2011-04-25,2011-04-28,14004.1,321,2011,3
170,Midwest/Southeast Tornadoes (May 2011),Severe Storm,2011-05-22,2011-05-27,12371.7,177,2011,5
171,Mississippi River flooding (April-May 2011),Flooding,2011-04-01,2011-05-31,4150.5,7,2011,60
172,Midwest/Southeast Tornadoes and Severe Weather (June 2011),Severe Storm,2011-06-18,2011-06-22,2090.6,3,2011,4
173,Missouri River flooding (May-June 2011),Flooding,2011-05-01,2011-06-30,2783.3,5,2011,60
174,"North Central Severe Weather (July 1, 2011)",Severe Storm,2011-07-01,2011-07-01,1207.7,0,2011,0
175,"Rockies and Midwest Derecho (July 10-11, 2011)",Severe Storm,2011-07-10,2011-07-11,1679.6,2,2011,1
176,"Midwest/Southeast Severe Weather (August 17-18, 2011)",Severe Storm,2011-08-17,2011-08-18,1566.0,0,2011,1
177,Hurricane Irene (August 2011),Tropical Cyclone,2011-08-26,2011-08-28,18351.9,45,2011,2
178,Southern Plains/Southwest Drought and Heat Wave (Spring-Summer 2011),Drought,2011-03-01,2011-08-31,16631.1,95,2011,183
179,Tropical Storm Lee (September 2011),Tropical Cyclone,2011-09-01,2011-09-05,3392.1,21,2011,4
180,Northeastern Winter Storm (October 2011),Winter Storm,2011-10-29,2011-10-30,1258.1,1,2011,1
181,"Texas, New Mexico, Arizona Wildfires (Summer-Fall 2011)",Wildfire,2011-06-01,2011-11-30,2476.2,5,2011,182
182,Southeast/Ohio Valley Tornadoes (March 2012),Severe Storm,2012-03-02,2012-03-03,4192.7,42,2012,1
183,Texas Tornadoes (April 2012),Severe Storm,2012-04-02,2012-04-03,1350.3,0,2012,1
184,Midwest Tornadoes (April 2012),Severe Storm,2012-04-13,2012-04-14,1494.4,6,2012,1
185,Midwest/Ohio Valley Severe Weather (April-May 2012),Severe Storm,2012-04-28,2012-05-01,4357.4,1,2012,3
186,Southern Plains/Midwest/Northeast Severe Weather (May 2012),Severe Storm,2012-05-25,2012-05-30,3087.0,1,2012,5
187,Rockies/Southwest Severe Weather (June 2012),Severe Storm,2012-06-06,2012-06-12,3481.0,0,2012,6
188,Plains/East/Northeast Derecho (June-July 2012),Severe Storm,2012-06-29,2012-07-02,3870.6,28,2012,3
189,Hurricane Isaac (August 2012),Tropical Cyclone,2012-08-26,2012-08-31,3675.4,9,2012,5
190,Hurricane Sandy (October 2012),Tropical Cyclone,2012-10-30,2012-10-31,86502.7,159,2012,1
191,Western Wildfires (Summer-Fall 2012),Wildfire,2012-06-01,2012-11-30,2329.6,8,2012,182
192,U.S. Drought/Heat Wave (2012),Drought,2012-01-01,2012-12-31,40504.8,123,2012,365
193,Southern Severe Weather (February 2013),Severe Storm,2013-02-24,2013-02-25,1217.0,1,2013,1
194,Southeast Severe Weather (March 2013),Severe Storm,2013-03-18,2013-03-18,2666.5,1,2013,0
195,Midwest/Plains Severe Weather (April 2013),Severe Storm,2013-04-07,2013-04-11,1906.1,1,2013,4
196,Illinois Flooding and Severe Weather (April 2013),Flooding,2013-04-16,2013-04-19,1421.6,4,2013,3
197,Midwest/Plains/East Tornadoes (May 2013),Severe Storm,2013-05-18,2013-05-22,3168.4,27,2013,4
198,Midwest/Plains/Northeast Tornadoes (May 2013),Severe Storm,2013-05-27,2013-05-31,2393.8,10,2013,4
199,Midwest Severe Weather (August 2013),Severe Storm,2013-08-06,2013-08-07,1365.0,0,2013,1
200,Colorado Flooding (September 2013),Flooding,2013-09-10,2013-09-16,1976.1,9,2013,6
201,Ohio Valley Tornadoes (November 2013),Severe Storm,2013-11-17,2013-11-17,1439.7,8,2013,0
202,Western/Plains Drought/Heat Wave (Spring-Fall 2013),Drought,2013-03-01,2013-11-30,13866.6,53,2013,274
203,Midwest/Southeast/Northeast Winter Storm (January 2014),Winter Storm,2014-01-05,2014-01-08,2846.4,16,2014,3
204,Plains Severe Weather (April 2014),Severe Storm,2014-04-02,2014-04-03,1851.3,0,2014,1
205,Central Severe Weather (April 2014),Severe Storm,2014-04-12,2014-04-13,1193.4,0,2014,1
206,Midwest/Southeast/Northeast Tornadoes and Flooding (April 2014),Severe Storm,2014-04-27,2014-05-01,2257.2,33,2014,4
207,Center Severe Weather (May 2014),Severe Storm,2014-05-10,2014-05-14,1100.4,0,2014,4
208,Rockies/Midwest/Eastern Severe Weather (May 2014),Severe Storm,2014-05-18,2014-05-23,4790.1,0,2014,5
209,Rockies/Central Plains Severe Weather (June 2014),Severe Storm,2014-06-03,2014-06-05,2475.8,2,2014,2
210,Michigan and Northeast Flooding (August 2014),Flooding,2014-08-11,2014-08-13,1330.9,2,2014,2
211,Rockies/Plains Severe Weather (September 2014),Severe Storm,2014-09-29,2014-10-02,1806.5,0,2014,3
212,Western Drought (2014),Drought,2014-01-01,2014-12-31,5176.8,0,2014,364
213,"Central and Eastern Winter storm, Cold Wave (February 2015)",Winter Storm,2015-02-14,2015-02-20,3880.2,30,2015,6
214,Midwest/Ohio Valley Severe Weather (April 2015),Severe Storm,2015-04-07,2015-04-09,2022.1,2,2015,2
215,South/Southeast Severe Weather (April 2015),Severe Storm,2015-04-18,2015-04-20,1669.1,0,2015,2
216,South and Southeast Severe Weather (April 2015),Severe Storm,2015-04-24,2015-04-25,1227.2,3,2015,1
217,Southern Plains Tornadoes (May 2015),Severe Storm,2015-05-06,2015-05-10,1640.9,4,2015,4
218,Texas and Oklahoma Flooding and Severe Weather (May 2015),Flooding,2015-05-23,2015-05-26,3275.4,31,2015,3
219,Central and Northeast Severe Weather (June 2015),Severe Storm,2015-06-21,2015-06-25,1511.8,1,2015,4
220,South Carolina and East Coast Flooding (October 2015),Flooding,2015-10-01,2015-10-05,2577.7,25,2015,4
221,Western and Alaskan Wildfires (Summer-Fall 2015),Wildfire,2015-06-01,2015-11-30,3906.1,12,2015,182
222,Texas Tornadoes and Midwest Flooding (December 2015),Severe Storm,2015-12-26,2015-12-29,2550.4,50,2015,3
223,Western Drought (2015),Drought,2015-01-01,2015-12-31,5850.6,0,2015,364
224,Southeast and Eastern Tornadoes (February 2016),Severe Storm,2016-02-22,2016-02-24,1341.6,10,2016,2
225,Texas and Louisiana Flooding (March 2016),Flooding,2016-03-08,2016-03-12,2960.3,5,2016,4
226,Southern Severe Weather (March 2016),Severe Storm,2016-03-17,2016-03-18,1561.3,1,2016,1
227,North Texas Hail Storm (March 2016),Severe Storm,2016-03-23,2016-03-24,2663.6,0,2016,1
228,North/Central Texas Hail Storm (April 2016),Severe Storm,2016-04-10,2016-04-12,4478.2,0,2016,2
229,Houston Flooding (April 2016),Flooding,2016-04-17,2016-04-18,3478.8,8,2016,1
230,South/Southeast Tornadoes (April 2016),Severe Storm,2016-04-26,2016-05-02,3064.9,6,2016,6
231,Plains Tornadoes and Central Severe Weather (May 2016),Severe Storm,2016-05-08,2016-05-11,2201.0,2,2016,3
232,Rockies/Central Tornadoes and Severe Weather (May 2016),Severe Storm,2016-05-21,2016-05-26,1467.2,0,2016,5
233,West Virginia Flooding and Ohio Valley Tornadoes (June 2016),Flooding,2016-06-22,2016-06-24,1259.6,23,2016,2
234,Rockies and Northeast Severe Weather (July 2016),Severe Storm,2016-07-28,2016-07-30,1876.0,0,2016,2
235,Louisiana Flooding (August 2016),Flooding,2016-08-12,2016-08-15,13000.0,13,2016,3
236,Hurricane Matthew (October 2016),Tropical Cyclone,2016-10-08,2016-10-12,12700.0,49,2016,4
237,West/Northeast/Southeast Drought (2016),Drought,2016-01-01,2016-12-31,4476.6,0,2016,365
238,Western/Southeast Wildfires (Summer-Fall 2016),Wildfire,2016-06-01,2016-12-31,3041.8,21,2016,213
239,Southern Tornado Outbreak and Western Storms (January 2017),Severe Storm,2017-01-20,2017-01-22,1392.3,24,2017,2
240,California Flooding (February 2017),Flooding,2017-02-08,2017-02-22,1890.0,5,2017,14
241,Central/Southeast Tornado Outbreak (March 2017),Severe Storm,2017-02-28,2017-03-01,2275.7,6,2017,1
242,Midwest Tornado Outbreak (March 2017),Severe Storm,2017-03-06,2017-03-08,2741.8,2,2017,2
243,Southeast Freeze (March 2017),Freeze,2017-03-14,2017-03-16,1260.0,0,2017,2
244,South/Southeast Severe Weather (March 2017),Severe Storm,2017-03-26,2017-03-28,3395.7,0,2017,2
245,Southeast Severe Weather and Tornadoes (April 2017),Severe Storm,2017-04-04,2017-04-06,1229.8,1,2017,2
246,South and Southeast Severe Weather (April 2017),Severe Storm,2017-04-20,2017-04-22,1125.2,0,2017,2
247,Missouri and Arkansas Flooding and Central Severe Weather (May 2017),Flooding,2017-04-25,2017-05-07,2090.3,20,2017,12
248,Colorado Hail Storm and Central Severe Weather (May 2017),Severe Storm,2017-05-08,2017-05-11,4187.5,0,2017,3
249,North Central Severe Weather and Tornadoes (May 2017),Severe Storm,2017-05-15,2017-05-18,1176.5,1,2017,3
250,Minnesota Hail Storm and Upper Midwest Severe Weather (June 2017),Severe Storm,2017-06-09,2017-06-11,2937.5,0,2017,2
251,Midwest Severe Weather (June 2017),Severe Storm,2017-06-12,2017-06-16,1886.5,0,2017,4
252,Midwest Severe Weather (June 2017),Severe Storm,2017-06-27,2017-06-29,1781.3,0,2017,2
253,Hurricane Harvey (August 2017),Tropical Cyclone,2017-08-25,2017-08-31,155000.0,89,2017,6
254,Hurricane Irma (September 2017),Tropical Cyclone,2017-09-06,2017-09-12,62000.0,97,2017,6
255,Hurricane Maria (September 2017),Tropical Cyclone,2017-09-19,2017-09-21,111600.0,2981,2017,2
256,"North Dakota, South Dakota and Montana Drought (Spring-Fall 2017)",Drought,2017-03-01,2017-12-31,3150.0,0,2017,305
257,"Western Wildfires, California Firestorm (Summer-Fall 2017)",Wildfire,2017-06-01,2017-12-31,22506.3,54,2017,213
258,Central and Eastern Winter Storm (January 2018),Winter Storm,2018-01-03,2018-01-05,1293.4,22,2018,2
259,Northeast Winter Storm (March 2018),Winter Storm,2018-03-01,2018-03-03,2698.7,9,2018,2
260,Southeastern Tornadoes and Severe Weather (March 2018),Severe Storm,2018-03-18,2018-03-21,1786.1,0,2018,3
261,Southern and Eastern Tornadoes and Severe Weather (April 2018),Severe Storm,2018-04-13,2018-04-16,1621.4,3,2018,3
262,Central and Northeast Severe Weather (May 2018),Severe Storm,2018-05-01,2018-05-04,1710.0,0,2018,3
263,Central and Eastern Severe Weather (May 2018),Severe Storm,2018-05-13,2018-05-15,1685.1,5,2018,2
264,Texas Hail Storm (June 2018),Severe Storm,2018-06-06,2018-06-06,1586.0,0,2018,0
265,Colorado Hail Storm (June 2018),Severe Storm,2018-06-13,2018-06-13,1165.1,0,2018,0
266,Colorado Hail Storm (June 2018),Severe Storm,2018-06-18,2018-06-19,2712.1,0,2018,1
267,Central and Eastern Tornadoes and Severe Weather (July 2018),Severe Storm,2018-07-19,2018-07-22,1933.7,0,2018,3
268,Mountain West Severe Weather (July 2018),Severe Storm,2018-07-26,2018-07-29,1038.2,0,2018,3
269,Rockies and Plains Hail Storms (August 2018),Severe Storm,2018-08-06,2018-08-07,1250.5,0,2018,1
270,Hurricane Florence (September 2018),Tropical Cyclone,2018-09-13,2018-09-16,29280.0,53,2018,3
271,Hurricane Michael (October 2018),Tropical Cyclone,2018-10-10,2018-10-11,30219.8,49,2018,1
272,Southwest/Southern Plains Drought (Summer-Fall 2018),Drought,2018-06-01,2018-12-30,3707.6,0,2018,212
273,"Western Wildfires, California Firestorm (Summer-Fall 2018)",Wildfire,2018-06-01,2018-12-31,29280.0,106,2018,213
274,"Southeast, Ohio Valley and Northeast Severe Weather (February 2019)",Severe Storm,2019-02-23,2019-02-25,1497.4,2,2019,2
275,Texas Hail Storm (March 2019),Severe Storm,2019-03-22,2019-03-24,1857.4,0,2019,2
276,Missouri River and North Central Flooding (March 2019),Flooding,2019-03-14,2019-03-31,13087.0,3,2019,17
277,Southern and Eastern Tornadoes and Severe Weather (April 2019),Severe Storm,2019-04-13,2019-04-14,1502.4,7,2019,1
278,South and Southeast Severe Weather (May 2019),Severe Storm,2019-05-07,2019-05-13,1816.8,0,2019,6
279,Central Severe Weather (May 2019),Severe Storm,2019-05-16,2019-05-18,1167.6,0,2019,2
280,"Rockies, Central and Northeast Tornadoes and Severe Weather (May 2019)",Severe Storm,2019-05-26,2019-05-29,5517.6,3,2019,3
281,Arkansas River Flooding (June 2019),Flooding,2019-05-20,2019-06-14,3630.0,5,2019,25
282,Colorado Hail Storms (July 2019),Severe Storm,2019-07-04,2019-07-05,1209.6,0,2019,1
283,"Mississippi River, Midwest and Southern Flooding (July 2019)",Flooding,2019-03-15,2019-07-31,7464.7,4,2019,138
284,Hurricane Dorian (September 2019),Tropical Cyclone,2019-08-28,2019-09-06,1932.0,10,2019,9
285,Tropical Storm Imelda (September 2019),Tropical Cyclone,2019-09-17,2019-09-21,6000.0,5,2019,4
286,Texas Tornadoes and Central Severe Weather (October 2019),Severe Storm,2019-10-20,2019-10-20,2044.4,2,2019,0
287,California and Alaska Wildfires (Summer-Fall 2019),Wildfire,2019-06-01,2019-11-30,5400.0,3,2019,182
288,Southeast Tornadoes and Northern Storms and Flooding (January 2020),Severe Storm,2020-01-10,2020-01-12,1367.6,10,2020,2
289,"South, East and Northeast Severe Weather (February 2020)",Severe Storm,2020-02-05,2020-02-07,1495.0,3,2020,2
290,Tennessee Tornadoes and Southeast Severe Weather (March 2020),Severe Storm,2020-03-02,2020-03-04,2779.9,25,2020,2
291,Midwest and Ohio Valley Severe Weather (March 2020),Severe Storm,2020-03-27,2020-03-28,3044.3,0,2020,1
292,North Central and Ohio Valley Hail Storms and Severe Weather (April 2020),Severe Storm,2020-04-07,2020-04-08,3457.2,0,2020,1
293,Southeast and Eastern Tornado Outbreak (April 2020),Severe Storm,2020-04-12,2020-04-13,4132.8,35,2020,1
294,Southern Severe Weather (April 2020),Severe Storm,2020-04-21,2020-04-23,1620.0,3,2020,2
295,"Central, Southern and Eastern Severe Weather (April 2020)",Severe Storm,2020-04-27,2020-04-30,1232.4,1,2020,3
296,Central and Eastern Severe Weather (May 2020),Severe Storm,2020-05-03,2020-05-05,2535.6,2,2020,2
297,"South, Central and Eastern Severe Weather (May 2020)",Severe Storm,2020-05-20,2020-05-23,1900.8,2,2020,3
298,South Texas Hail Storms (May 2020),Severe Storm,2020-05-27,2020-05-27,1680.0,0,2020,0
299,Central Severe Weather (July 2020),Severe Storm,2020-07-10,2020-07-11,1423.4,0,2020,1
300,Hurricane Hanna (July 2020),Tropical Cyclone,2020-07-25,2020-07-26,1268.5,0,2020,1
301,Hurricane Isaias (August 2020),Tropical Cyclone,2020-08-03,2020-08-04,5613.1,16,2020,1
302,Central Severe Weather - Derecho (August 2020),Severe Storm,2020-08-10,2020-08-10,13122.2,4,2020,0
303,Hurricane Laura (August 2020),Tropical Cyclone,2020-08-27,2020-08-28,27393.7,42,2020,1
304,Hurricane Sally (September 2020),Tropical Cyclone,2020-09-15,2020-09-17,8583.2,5,2020,2
305,Hurricane Delta (October 2020),Tropical Cyclone,2020-10-09,2020-10-11,3383.1,5,2020,2
306,Hurricane Zeta (October 2020),Tropical Cyclone,2020-10-28,2020-10-29,5135.3,6,2020,1
307,Tropical Storm Eta (November 2020),Tropical Cyclone,2020-11-08,2020-11-12,1722.8,12,2020,4
308,Western/Central Drought and Heat Wave (Summer-Fall 2020),Drought,2020-06-01,2020-12-30,5304.1,45,2020,212
309,"Western Wildfires - California, Oregon, Washington Firestorms (Fall 2020)",Wildfire,2020-08-01,2020-12-30,19411.0,46,2020,151
310,California Flooding and Severe Weather (January 2021),Flooding,2021-01-24,2021-01-29,1281.2,2,2021,5
311,"Northwest, Central, Eastern Winter Storm and Cold Wave (February 2021)",Winter Storm,2021-02-10,2021-02-19,26543.0,262,2021,9
312,Southeast Tornadoes and Severe Weather (March 2021),Severe Storm,2021-03-24,2021-03-25,1945.4,6,2021,1
313,Eastern Severe Weather (March 2021),Severe Storm,2021-03-27,2021-03-28,1561.5,8,2021,1
314,Texas Hail Storms (April 2021),Severe Storm,2021-04-12,2021-04-15,1711.0,0,2021,3
315,Texas and Oklahoma Severe Weather (April 2021),Severe Storm,2021-04-27,2021-04-28,3652.8,0,2021,1
316,Southern Tornadoes and Southeast Severe Weather (May 2021),Severe Storm,2021-05-02,2021-05-04,1441.0,4,2021,2
317,Louisiana Flooding (May 2021),Flooding,2021-05-17,2021-05-18,1530.1,5,2021,1
318,Ohio Valley Hail Storms (June 2021),Severe Storm,2021-06-17,2021-06-18,1929.2,0,2021,1
319,Central Severe Storms (June 2021),Severe Storm,2021-06-24,2021-06-26,1416.0,0,2021,2
320,Tropical Storm Elsa (July 2021),Tropical Cyclone,2021-07-07,2021-07-09,1358.6,1,2021,2
321,Central Severe Storms (July 2021),Severe Storm,2021-07-08,2021-07-11,1209.6,0,2021,3
322,North Central Severe Weather (August 2021),Severe Storm,2021-08-10,2021-08-13,1438.1,2,2021,3
323,Tropical Storm Fred (August 2021),Tropical Cyclone,2021-08-16,2021-08-18,1430.2,7,2021,2
324,Hurricane Ida (August 2021),Tropical Cyclone,2021-08-29,2021-09-01,82400.7,96,2021,3
325,Hurricane Nicholas (September 2021),Tropical Cyclone,2021-09-14,2021-09-18,1137.9,0,2021,4
326,"Southeast, Central Tornado Outbreak (December 2021)",Severe Storm,2021-12-10,2021-12-10,4306.5,93,2021,0
327,Midwest Derecho and Tornado Outbreak (December 2021),Severe Storm,2021-12-15,2021-12-15,1960.2,1,2021,0
328,Western Wildfires (2021),Wildfire,2021-06-01,2021-12-31,11752.1,8,2021,213
329,Western Drought and Heat Wave (2021),Drought,2021-01-01,2021-12-31,9864.5,229,2021,364
330,Texas Hail Storms (February 2022),Severe Storm,2022-02-21,2022-02-22,1088.6,0,2022,1
331,Southern Tornado Outbreak (March 2022),Severe Storm,2022-03-30,2022-03-30,1344.1,2,2022,0
332,Southeast Tornado Outbreak (April 2022),Severe Storm,2022-04-04,2022-04-06,1501.9,3,2022,2
333,Southern Severe Weather (April 2022),Severe Storm,2022-04-11,2022-04-13,2835.5,1,2022,2
334,Southern and Central Severe Weather (May 2022),Severe Storm,2022-05-01,2022-05-03,1196.1,1,2022,2
335,North Central Hail Storms (May 2022),Severe Storm,2022-05-09,2022-05-09,2289.6,0,2022,0
336,North Central Severe Weather (May 2022),Severe Storm,2022-05-11,2022-05-12,2868.3,1,2022,1
337,North Central Hail Storms (May 2022),Severe Storm,2022-05-19,2022-05-19,2552.8,0,2022,0
338,Central Severe Weather (June 2022),Severe Storm,2022-06-07,2022-06-08,1987.4,0,2022,1
339,Central Derecho (June 2022),Severe Storm,2022-06-13,2022-06-13,3322.9,1,2022,0
340,North Central and Eastern Severe Weather (July 2022),Severe Storm,2022-07-22,2022-07-24,1393.6,1,2022,2
341,Kentucky and Missouri Flooding (July 2022),Flooding,2022-07-26,2022-07-28,1523.6,42,2022,2
342,Hurricane Fiona (September 2022),Tropical Cyclone,2022-09-17,2022-09-18,2610.4,25,2022,1
343,Hurricane Ian (September 2022),Tropical Cyclone,2022-09-28,2022-09-30,116272.0,152,2022,2
344,Hurricane Nicole (November 2022),Tropical Cyclone,2022-11-10,2022-11-11,1050.6,5,2022,1
345,Western Wildfires (Spring-Fall 2022),Wildfire,2022-04-01,2022-11-30,3234.4,17,2022,243
346,Central and Eastern Winter Storm and Cold Wave (December 2022),Winter Storm,2022-12-21,2022-12-26,8698.6,87,2022,5
347,Western/Central Drought and Heat Wave (2022),Drought,2022-01-01,2022-12-31,22852.0,136,2022,364
348,Northeastern Winter Storm / Cold Wave (February 2023),Winter Storm,2023-02-02,2023-02-05,1786.1,1,2023,3
349,Southern and Eastern Severe Weather (March 2023),Severe Storm,2023-03-02,2023-03-03,5993.5,13,2023,1
350,California Flooding (December 2022 - March 2023),Flooding,2022-12-26,2023-03-19,4635.0,22,2022,83
351,Southern and Eastern Severe Weather (April 2023),Severe Storm,2023-03-24,2023-03-26,2871.2,23,2023,2
352,Central Tornado Outbreak and Eastern Severe Weather (March 2023),Severe Storm,2023-03-31,2023-04-01,5740.4,33,2023,1
353,Central and Eastern Severe Weather (April 2023),Severe Storm,2023-04-04,2023-04-06,2871.5,5,2023,2
354,Fort Lauderdale Flash Flood (April 2023),Flooding,2023-04-12,2023-04-13,1111.0,0,2023,1
355,Central and Southern Severe Weather (April 2023),Severe Storm,2023-04-15,2023-04-15,1361.7,0,2023,0
356,Central Severe Weather (April 2023),Severe Storm,2023-04-19,2023-04-20,3019.2,1,2023,1
357,Southern Severe Weather (April 2023),Severe Storm,2023-04-25,2023-04-27,1333.3,0,2023,2
358,Central Severe Weather (May 2023),Severe Storm,2023-05-06,2023-05-08,2158.6,1,2023,2
359,Central and Eastern Tornadoes and Hail Storms (May 2023),Severe Storm,2023-05-10,2023-05-12,3460.4,1,2023,2
360,Texas Hail Storms (May 2023),Severe Storm,2023-05-18,2023-05-19,1641.3,0,2023,1
361,Typhoon Mawar (May 2023),Tropical Cyclone,2023-05-24,2023-05-25,4292.5,2,2023,1
362,Southern Severe Weather (June 2023),Severe Storm,2023-06-11,2023-06-14,4072.6,0,2023,3
363,Central and Southern Severe Weather (June 2023),Severe Storm,2023-06-15,2023-06-18,3805.8,5,2023,3
364,Rockies Hail Storms and Central and Eastern Severe Weather (June 2023),Severe Storm,2023-06-21,2023-06-26,5296.5,8,2023,5
365,Central Severe Weather (June 2023),Severe Storm,2023-06-28,2023-07-02,1938.4,3,2023,4
366,Northeastern Flooding and North Central Severe Weather (July 2023),Flooding,2023-07-09,2023-07-15,2187.1,10,2023,6
367,North Central and Southeastern Severe Weather (July 2023),Severe Storm,2023-07-19,2023-07-21,1850.3,1,2023,2
368,North Central and Eastern Severe Weather (July 2023),Severe Storm,2023-07-28,2023-07-29,1496.8,2,2023,1
369,Hawaii Firestorm (August 2023),Wildfire,2023-08-08,2023-08-08,5555.0,100,2023,0
370,Northeastern and Eastern Severe Weather (August 2023),Severe Storm,2023-08-05,2023-08-08,1647.6,4,2023,3
371,Minnesota Hail Storms (August 2023),Severe Storm,2023-08-11,2023-08-11,1792.8,0,2023,0
372,Hurricane Idalia (August 2023),Tropical Cyclone,2023-08-29,2023-08-31,3490.6,5,2023,2
373,Southern Hail Storms (September 2023),Severe Storm,2023-09-23,2023-09-24,1645.0,0,2023,1
374,Southern/Midwestern Drought and Heatwave (Spring-Fall 2023),Drought,2023-04-01,2023-09-30,14517.0,247,2023,182
375,East Coast Storm and Flooding (December 2023),Flooding,2023-12-16,2023-12-18,1276.0,5,2023,2
